iter	Logloss
0	0.5637239293
1	0.5325568499
